country,kbar_pct,half_life_mo,s_star_lr,s_conv_lr,cds_2025,premium_bps,pct_above_cds
UAE,1.63,10.35836384398424,65.2,47.105829743589744,48.0,18.09417025641026,35.83333333333334
Bahrain,8.096,12.451745758561891,323.84000000000003,111.36705377385572,290.0,212.4729462261443,11.668965517241391
Indonesia,4.072,13.161022415695163,162.88,83.11957182556586,120.0,79.76042817443414,35.73333333333333
Kuwait,1.686,8.992179639696587,67.44,48.26402301746629,58.0,19.175976982533705,16.275862068965512
Malaysia,2.453,10.91570363086528,98.12000000000002,62.17755595897153,80.0,35.94244404102849,22.650000000000023
Qatar,1.981,12.160476851928864,79.24000000000001,54.02117247640008,58.0,25.218827523599927,36.62068965517243
Saudi Arabia,2.409,11.58463254417736,96.36,61.4661330020266,65.0,34.8938669979734,48.246153846153845
