year,sofr_pct
2018,1.9801604278074867
2019,2.2038800000000003
2020,0.359800796812749
2021,0.03896
2022,1.6359437751004016
2023,5.007269076305221
2024,5.14844
2025,4.243493975903615
