Model,N,RMSE_bps,MAE_bps,R2,DM_vs_SOFR,DM_pval
κ-model,8232,1.1793293601864674e-14,4.276030992414403e-15,1.0,-39.81193014215364,0.0
SOFR-model,8232,36.12517822900451,26.327254317675575,0.8663309662491355,,
Random Walk,7546,11.859372355049471,7.434459316194009,0.9855937470185481,,
