Model,N,RMSE_bps,MAE_bps,R2,DM_vs_SOFR,DM_pval
κ-model,1540,1.1610646332144131e-14,5.0937609109035755e-15,1.0,-31.31372460835246,0.0
SOFR-model,1540,33.29761480382105,27.364368950625323,0.044827133406635467,,
Random Walk,1505,41.11461269982452,32.62685048070945,-0.4488440382602865,,
